{"nodes":[{"id":8463862370054699,"adjacencyList":[{"neighbouringNodeID":7948857584697249,"weight":5},{"neighbouringNodeID":5197386154728067,"weight":1},{"neighbouringNodeID":3093785611243861,"weight":2}],"px":359,"py":120,"label":"One"},{"id":5197386154728067,"adjacencyList":[{"neighbouringNodeID":8463862370054699,"weight":1},{"neighbouringNodeID":7948857584697249,"weight":3},{"neighbouringNodeID":7525275783738425,"weight":1}],"px":538,"py":124,"label":"Two"},{"id":7948857584697249,"adjacencyList":[{"neighbouringNodeID":8463862370054699,"weight":5},{"neighbouringNodeID":5197386154728067,"weight":3},{"neighbouringNodeID":3093785611243861,"weight":2},{"neighbouringNodeID":7525275783738425,"weight":1}],"px":536,"py":292,"label":"Three"},{"id":3093785611243861,"adjacencyList":[{"neighbouringNodeID":8463862370054699,"weight":2},{"neighbouringNodeID":7948857584697249,"weight":2}],"px":354,"py":286,"label":"Four"},{"id":7525275783738425,"adjacencyList":[{"neighbouringNodeID":5197386154728067,"weight":1},{"neighbouringNodeID":7948857584697249,"weight":1}],"px":668,"py":214,"label":"Five"}],"canvasImage":null,"nodeRadius":50}